guestemail,eventId,personId
nia.sharma@example.com,1,6
ayaan.mehra@example.com,2,29
anvi.bhat@example.com,3,30
arjun.sharma@example.com,4,31
anaya.das@example.com,5,32
dhruv.malhotra@example.com,6,33
ishani.trivedi@example.com,7,34
kabir.joshi@example.com,8,35
kyra.desai@example.com,1,36
yuvraj.kapoor@example.com,2,37
aisha.verma@example.com,3,38
atharv.khanna@example.com,4,39
anvi.chopra@example.com,5,40
vivaan.deshmukh@example.com,6,41
advaita.dubey@example.com,7,42
vihaan.patel@example.com,8,43
zoya.saxena@example.com,1,44
aryan.iyer@example.com,2,45
anaisha.yadav@example.com,3,46
arisha.agarwal@example.com,4,47
aarav.iyer@example.com,5,48
diya.rana@example.com,6,49
kabir.chauhan@example.com,7,50
myra.arora@example.com,8,51
aanya.sharma@example.com,9,52
vihaan.nair@example.com,1,53
ira.singh@example.com,2,54
arjun.mehra@example.com,3,55
ishika.bhat@example.com,4,56
advay.das@example.com,5,57
aanya.kapoor@example.com,6,72
aarush.trivedi@example.com,7,73
aradhya.malhotra@example.com,8,74
vedika.patel@example.com,1,75
vir.singh@example.com,1,76
kiaan.reddy@example.com,1,77
aarna.joshi@example.com,1,78
aryan.khanna@example.com,2,79
avni.iyer@example.com,2,80
vihaan.ahuja@example.com,2,81
anvi.choudhury@example.com,2,82
arjun.sharma@example.com,3,83
aanya.patel@example.com,3,84
diya.kapoor@example.com,3,85
advaita.yadav@example.com,3,86
kabir.verma@example.com,4,87
myra.arora@example.com,4,88
ananya.nair@example.com,5,89
vihaan.mehra@example.com,5,90
aaradhya.bhat@example.com,5,91
arya.trivedi@example.com,6,92
advay.khanna@example.com,7,93
kavya.rana@example.com,7,94
aryan.desai@example.com,7,95