organizationType,organizationName,organizationAddress
HostOrganization,ABC Enterprises,123 Main Street
EventManagementOrganization,XYZ Corp,456 Oak Avenue
ServiceOrganization,Global Solutions Inc.,789 Elm Road
VenueOrganization,MegaTech Industries,101 Pine Lane
VendorOrganization,Summit Innovations,202 Maple Street
HostOrganization,City Events Hosting,345 Birch Boulevard
HostOrganization,Metro Hosts,567 Cedar Drive
HostOrganization,Urban Gatherings,678 Spruce Lane
HostOrganization,Elite Venue Host,789 Oak Street
HostOrganization,Central Event Hosts,890 Willow Road
EventManagementOrganization,Pro Event Planners,901 Cedar Avenue
EventManagementOrganization,Grand Occasions,123 Birch Lane
EventManagementOrganization,Prestige Events,234 Elm Boulevard
EventManagementOrganization,EventCraft Solutions,345 Pine Street
EventManagementOrganization,Ultimate Experiences,456 Maple Drive
ServiceOrganization,Catering Excellence,567 Willow Avenue
ServiceOrganization,Floral Creations,678 Spruce Boulevard
ServiceOrganization,Sound Solutions,789 Oak Lane
ServiceOrganization,Tech Rental Services,890 Elm Drive
ServiceOrganization,Decor Innovations,901 Cedar Road
VenueOrganization,Royal Convention Center,123 Pine Avenue
VenueOrganization,Grand Ballroom Venue,234 Birch Lane
VenueOrganization,Cityscape Events Hall,345 Willow Drive
VenueOrganization,Elite Banquet Hall,456 Cedar Road
VenueOrganization,Skyline Conference Center,567 Spruce Street
VendorOrganization,Tech Solutions Ltd.,678 Oak Avenue
VendorOrganization,Innovate Services,789 Elm Lane
VendorOrganization,Swift Tech Solutions,890 Maple Boulevard
VendorOrganization,Expertise Providers,901 Pine Drive
VendorOrganization,Tech Masters Inc.,112 Cedar Street